"Feedback ID","Group","Source","Feedback point","Response","Backlog IDs","Packages","Mode","Disposition","Validation"
"FB-001","Reliability and trustworthy review","docs/reviews/2026-10-04/TEAM_REVIEW.md#three-concrete-defects","A valid authored project cannot reliably reopen","Canonical equality and idempotent normalization; repeated authored and encrypted roundtrips","P2-001; P2-002; P2-003; P2-004","W01","Both","Planned","V01; V02"
"FB-002","Reliability and trustworthy review","docs/reviews/2026-10-04/TEAM_REVIEW.md#three-concrete-defects","Sharing preparation fails after a walkthrough change","Validate and preserve linked snapshots throughout sharing and merge","P2-002; P2-004; P2-033; P2-034","W01; W08","Portable","Planned","V01; V02"
"FB-003","Reliability and trustworthy review","docs/reviews/2026-10-04/TEAM_REVIEW.md#three-concrete-defects","Reported save success can hide a reopening failure","Validate serialized reopen; distinguish cache/save/export and retained disk evidence","P2-003; P2-004","W01","Portable","Planned","V01; V02"
"FB-004","Reliability and trustworthy review","docs/reviews/2026-10-04/TEAM_REVIEW.md#three-concrete-defects","Identical snapshots fail because JSON object key order differs","Structured equality ignores object order while preserving real value/array differences","P2-001; P2-002","W01","Both","Planned","V01"
"FB-005","Reliability and trustworthy review","docs/reviews/2026-10-04/TEAM_REVIEW.md#three-concrete-defects","Prepared demos and single imports missed the lifecycle failure","Fresh authored fixtures and repeated create/change/save/share/merge cycles","P2-004; P2-014","W01; W03","Both","Planned","V01; V02; V04"
"FB-006","Reliability and trustworthy review","docs/reviews/2026-10-04/TEAM_REVIEW.md#three-concrete-defects","Do not disable quotation, identity or linked-history checks to repair persistence","Tamper mutations must still reject atomically; preserve original affected file","P2-001; P2-002; P2-003; P2-004","W01","Both","Planned","V01; V02"
"FB-007","Reliability and trustworthy review","docs/reviews/2026-10-04/TEAM_REVIEW.md#three-concrete-defects","Change review and its badge omit product-rule proposals","One selector and inbox for all proposal kinds","P2-005; P2-006; P2-007","W02","Both","Planned","V03"
"FB-008","Reliability and trustworthy review","docs/reviews/2026-10-04/TEAM_REVIEW.md#three-concrete-defects","Overview says caught up with five stale delivery actions","Counts and detailed queues use identical scoped attention items","P2-005; P2-007","W02","Both","Planned","V03"
"FB-009","Reliability and trustworthy review","docs/reviews/2026-10-04/TEAM_REVIEW.md#three-concrete-defects","Missing current owner receipts must remain visible","Separate required current-scope acknowledgment gap from completion and verification","P2-070; P2-090","W02; W11","Both","Planned","V03; V07; V14"
"FB-010","Reliability and trustworthy review","docs/reviews/2026-10-04/TEAM_REVIEW.md#three-concrete-defects","Managers need verification-gap reasons rather than a readiness percentage","Explicit obligation/evidence matrix, blockers and owned exceptions","P2-075; P2-039","W06; W09","Both","Planned","V02; V03; V07; V08"
"FB-011","Reliability and trustworthy review","docs/reviews/2026-10-04/TEAM_REVIEW.md#three-concrete-defects","Preserve original agreement, unrelated checks and earlier cited baselines","Immutable history, reviewed applicability and complete lifecycle regression","P2-004; P2-014; P2-031","W01; W03; W07","Both","Planned","V01; V02; V04; V06; V07"
"FB-012","Product lead","docs/reviews/2026-10-04/TEAM_REVIEW.md#product-lead","PM maintains sources, rules, handbook, tasks and sharing separately","Guided intake, linked derived facts and explicit external field ownership","P2-015; P2-017; P2-018; P2-057","W04; W12","Both","Planned","V02; V04; V06; V07; V11; V16"
"FB-013","Product lead","docs/reviews/2026-10-04/TEAM_REVIEW.md#product-lead","Review source-backed candidates in bulk","Per-item evidence/diffs with safe batch decisions and base checks","P2-016; P2-072","W04","Both","Planned","V02; V03; V04; V11"
"FB-014","Product lead","docs/reviews/2026-10-04/TEAM_REVIEW.md#product-lead","Make every pending decision visible in one place","Unified decisions, questions and stale-context inbox","P2-005; P2-006","W02","Both","Planned","V03"
"FB-015","Product lead","docs/reviews/2026-10-04/TEAM_REVIEW.md#product-lead","Capture business objective and success measures","Goals linked to typed requirements and measured observations","P2-010; P2-068","W03; W14","Both","Planned","V02; V04; V17"
"FB-016","Product lead","docs/reviews/2026-10-04/TEAM_REVIEW.md#product-lead","Separate discussion/proposal, agreement and released behavior","Reviewed decision lifecycle and observed deployment records","P2-011; P2-032; P2-040","W03; W07; W09","Both","Planned","V02; V03; V04; V05; V06; V08"
"FB-017","Product lead","docs/reviews/2026-10-04/TEAM_REVIEW.md#product-lead","Start with useful issue links and portable change summaries","Typed references and concise change contracts readable from existing work","P2-018; P2-055; P2-078","W04; W12","Both","Planned","V02; V06; V07; V11; V16; V17"
"FB-018","Product lead","docs/reviews/2026-10-04/TEAM_REVIEW.md#product-lead","Routine stories must not create a second mandatory tracker","Native or external ownership is explicit; measure duplicate maintenance","P2-018; P2-057; P2-068","W04; W12; W14","Both","Planned","V02; V07; V11; V16; V17"
"FB-019","Product lead","docs/reviews/2026-10-04/TEAM_REVIEW.md#product-lead","Choose connectors based on actual pilot needs","Provider order is definite; real-tenant acceptance is labeled separately from fixtures","P2-055; P2-059; P2-060; P2-061; P2-062; P2-068","W12; W13; W14","Connected","Planned","V07; V11; V16; V17"
"FB-020","QA lead and QA manager","docs/reviews/2026-10-04/TEAM_REVIEW.md#qa-lead--qa-manager","Generic QA criteria require extensive rewriting","Reusable concrete case/exception/NFR templates; reviewed suggestions","P2-024; P2-088","W06","Both","Planned","V02; V04; V07; V11; V12"
"FB-021","QA lead and QA manager","docs/reviews/2026-10-04/TEAM_REVIEW.md#qa-lead--qa-manager","Reusable test cases are absent","Versioned cases, suites, parameters and exploratory charters","P2-024","W06","Both","Planned","V02; V07"
"FB-022","QA lead and QA manager","docs/reviews/2026-10-04/TEAM_REVIEW.md#qa-lead--qa-manager","No executable automated runs are connected","Manual native runs plus reviewed execution of configured external test pipelines","P2-025; P2-077","W06; W12","Both / connected execution","Planned","V02; V07; V14; V16"
"FB-023","QA lead and QA manager","docs/reviews/2026-10-04/TEAM_REVIEW.md#qa-lead--qa-manager","No automatic result ingestion","Bounded reports plus retrieved actual provider runs/build artifacts","P2-027; P2-056","W06; W12","Both / connected retrieval","Planned","V07; V11; V16"
"FB-024","QA lead and QA manager","docs/reviews/2026-10-04/TEAM_REVIEW.md#qa-lead--qa-manager","Typed defect and build links are absent","Exact identities connect observations, defects, case/run and build scope","P2-025; P2-026; P2-028; P2-040","W06; W09","Both","Planned","V02; V07; V08"
"FB-025","QA lead and QA manager","docs/reviews/2026-10-04/TEAM_REVIEW.md#qa-lead--qa-manager","Requirement-to-case/run traceability is missing","Typed relationships and exact approved/case revision references","P2-013; P2-024; P2-025","W03; W06","Both","Planned","V02; V06; V07"
"FB-026","QA lead and QA manager","docs/reviews/2026-10-04/TEAM_REVIEW.md#qa-lead--qa-manager","A pass entry or artifact URL is self-reported","Distinct evidence origin; link-only never means proved requirement coverage","P2-026; P2-075","W06","Both","Planned","V03; V07; V08"
"FB-027","QA lead and QA manager","docs/reviews/2026-10-04/TEAM_REVIEW.md#qa-lead--qa-manager","Current evidence must be visible by release/environment","Inspectable matrix of missing, blocked, failed, stale and applicable evidence","P2-075","W06","Both","Planned","V03; V07; V08"
"FB-028","QA lead and QA manager","docs/reviews/2026-10-04/TEAM_REVIEW.md#qa-lead--qa-manager","Indirect dependencies can miss relevant regression work","Scoped reviewed graph paths and proposed regression selection","P2-029; P2-076","W07","Both","Planned","V06; V07; V12"
"FB-029","QA lead and QA manager","docs/reviews/2026-10-04/TEAM_REVIEW.md#qa-lead--qa-manager","Equivalent wording changes can cause unnecessary rechecks","Reviewed same-meaning/applicability relationship; preserve actual old runs","P2-031","W07","Both","Planned","V06; V07"
"FB-030","QA lead and QA manager","docs/reviews/2026-10-04/TEAM_REVIEW.md#qa-lead--qa-manager","Edge-case suggestions need human review","Evidence-led scenario/exception proposals with concrete outcomes","P2-076; P2-088; P2-046","W06; W07; W10","Both / optional AI","Planned","V04; V05; V06; V07; V11; V12"
"FB-031","QA lead and QA manager","docs/reviews/2026-10-04/TEAM_REVIEW.md#qa-lead--qa-manager","Risk and release exception decisions are not modeled enough","Owned risk/exception decisions remain separate from passing evidence","P2-039; P2-076","W07; W09","Both","Planned","V02; V06; V07; V08; V12"
"FB-032","QA lead and QA manager","docs/reviews/2026-10-04/TEAM_REVIEW.md#qa-lead--qa-manager","Receipt, work completion and verified outcome must stay distinct","Separate states and current-owner receipt gaps","P2-025; P2-026; P2-070; P2-090","W02; W06; W11","Both","Planned","V02; V03; V07; V08; V14"
"FB-033","QA lead and QA manager","docs/reviews/2026-10-04/TEAM_REVIEW.md#qa-lead--qa-manager","Recorded scope is not proof of actual execution or overall release quality","Provenance and obligations gate all coverage claims; execution occurs in real runner","P2-026; P2-039; P2-056; P2-077","W06; W09; W12","Both","Planned","V02; V07; V08; V14; V16"
"FB-034","Development lead","docs/reviews/2026-10-04/TEAM_REVIEW.md#development-lead","Role template repeats the rule without affected implementation context","Component/API/service register with reviewed links and scope","P2-074; P2-032","W03; W07","Both","Planned","V02; V03; V04; V06; V08"
"FB-035","Development lead","docs/reviews/2026-10-04/TEAM_REVIEW.md#development-lead","Services, APIs and code locations are not represented","Stable component references and source-backed candidate edges","P2-074; P2-055","W03; W12","Both","Planned","V02; V04; V06; V16"
"FB-036","Development lead","docs/reviews/2026-10-04/TEAM_REVIEW.md#development-lead","Feature flags and rollout conditions are missing","Reviewed component/flag constraints and observed deployment audience scope","P2-074; P2-040; P2-082","W03; W09","Both","Planned","V02; V04; V06; V07; V08"
"FB-037","Development lead","docs/reviews/2026-10-04/TEAM_REVIEW.md#development-lead","Compatibility constraints and data migrations are missing","Typed obligations with owner, acceptance and deployment evidence","P2-074; P2-042; P2-082","W03; W09","Both","Planned","V02; V04; V06; V07; V08"
"FB-038","Development lead","docs/reviews/2026-10-04/TEAM_REVIEW.md#development-lead","No linked story, PR, build and deployment updates","GitHub and work-system adapters with typed identity/provenance","P2-055; P2-056; P2-061; P2-062","W12; W13","Connected","Planned","V07; V16"
"FB-039","Development lead","docs/reviews/2026-10-04/TEAM_REVIEW.md#development-lead","Missing dependency relationships hide downstream work","Reviewed graph with bounded traversal and uncertainty","P2-013; P2-029","W03; W07","Both","Planned","V02; V06"
"FB-040","Development lead","docs/reviews/2026-10-04/TEAM_REVIEW.md#development-lead","Need a concise before/after change contract","Why, changed scope, unknowns, owners and exact evidence in one handoff","P2-032; P2-078; P2-030","W07; W12","Both","Planned","V03; V06; V08; V16; V17"
"FB-041","Development lead","docs/reviews/2026-10-04/TEAM_REVIEW.md#development-lead","Unknown impact needs a named owner","Proposed work/questions with explicit uncertainty and ownership","P2-018; P2-029; P2-032","W04; W07","Both","Planned","V02; V03; V06; V07; V08; V11"
"FB-042","Development lead","docs/reviews/2026-10-04/TEAM_REVIEW.md#development-lead","AI must not present guessed areas as discovered code impact","Candidate edges only; developer confirms source/basis and impact","P2-074; P2-046; P2-047","W03; W10","Both / optional AI","Planned","V02; V04; V05; V06; V12; V17"
"FB-043","Development lead","docs/reviews/2026-10-04/TEAM_REVIEW.md#development-lead","Change context must be reachable from existing work without dual status reporting","Deep link/reviewed summary publication; external system owns its status","P2-057; P2-058; P2-078","W12","Connected / portable summary","Planned","V06; V16; V17"
"FB-044","Business analyst","docs/reviews/2026-10-04/TEAM_REVIEW.md#business-analyst","BA is missing and is mapped to Product","Seed BA; configurable stable role IDs and historical-label preservation","P2-012","W03","Both","Planned","V02; V04; V10"
"FB-045","Business analyst","docs/reviews/2026-10-04/TEAM_REVIEW.md#business-analyst","Named person view shows another person's role task","Explicit My work versus Team view and unassigned work","P2-019","W04","Both","Planned","V03; V10"
"FB-046","Business analyst","docs/reviews/2026-10-04/TEAM_REVIEW.md#business-analyst","Requirement hierarchy is missing","Parent/group structure with validated cycles and preserved baselines","P2-071","W03","Both","Planned","V02; V04; V06"
"FB-047","Business analyst","docs/reviews/2026-10-04/TEAM_REVIEW.md#business-analyst","Exception model is not sufficiently linked","Typed exception relationships and explicit applicable scope","P2-071; P2-011","W03","Both","Planned","V02; V04; V05; V06"
"FB-048","Business analyst","docs/reviews/2026-10-04/TEAM_REVIEW.md#business-analyst","Requirement types should extend beyond a behavior template","Behavior, constraint and NFR types with acceptance measures","P2-010","W03","Both","Planned","V02; V04"
"FB-049","Business analyst","docs/reviews/2026-10-04/TEAM_REVIEW.md#business-analyst","Business vocabulary and aliases are missing","Reviewed project/release glossary aliases","P2-020","W05","Both","Planned","V05"
"FB-050","Business analyst","docs/reviews/2026-10-04/TEAM_REVIEW.md#business-analyst","Decision tables are absent","Conditions/combinations/exclusions with source-backed review","P2-010; P2-071; P2-037","W03; W08","Both","Planned","V02; V04; V06; V11"
"FB-051","Business analyst","docs/reviews/2026-10-04/TEAM_REVIEW.md#business-analyst","Performance, accessibility, retention and operations need different measures","Reusable NFR templates with units/thresholds/unknowns","P2-010; P2-088","W03; W06","Both","Planned","V02; V04; V07; V11; V12"
"FB-052","Business analyst","docs/reviews/2026-10-04/TEAM_REVIEW.md#business-analyst","Dependency matrix and derived guidance relationships are missing","Inspectable typed graph and linked guidance","P2-013; P2-017; P2-029","W03; W04; W07","Both","Planned","V02; V06; V11"
"FB-053","Business analyst","docs/reviews/2026-10-04/TEAM_REVIEW.md#business-analyst","Multiple sources and handbook facts need unified evidence-led review","Multi-source picker, bulk review and one stored fact referenced by briefs","P2-016; P2-017; P2-072","W04","Both","Planned","V02; V03; V04; V06; V11"
"FB-054","Support lead","docs/reviews/2026-10-04/TEAM_REVIEW.md#support-lead","Support must obtain the newest file manually","Latest-known revision/return tracking plus changed-since-last-view brief","P2-033; P2-034; P2-079","W08","Portable","Planned","V02; V03; V05"
"FB-055","Support lead","docs/reviews/2026-10-04/TEAM_REVIEW.md#support-lead","Plain-language handoff-reset query misses approved sharing context","Reviewed aliases, local retrieval evaluation and useful ambiguity handling","P2-020; P2-023","W05","Both","Planned","V05; V12"
"FB-056","Support lead","docs/reviews/2026-10-04/TEAM_REVIEW.md#support-lead","Original source documents do not automatically become approved guidance","Source exploration separate from agreed answers; explicit guidance approval","P2-021; P2-041","W05; W09","Both","Planned","V02; V05; V08; V12"
"FB-057","Support lead","docs/reviews/2026-10-04/TEAM_REVIEW.md#support-lead","Need a short approved Support briefing","Derived applicable FAQ/troubleshooting brief with retained approved basis","P2-017; P2-041","W04; W09","Both","Planned","V02; V05; V06; V08; V11"
"FB-058","Support lead","docs/reviews/2026-10-04/TEAM_REVIEW.md#support-lead","Customer release/version/environment selection is unreliable","Structured applicability and actual deployed-scope answer filters","P2-011; P2-022; P2-040","W03; W05; W09","Both","Planned","V02; V04; V05; V08"
"FB-059","Support lead","docs/reviews/2026-10-04/TEAM_REVIEW.md#support-lead","Ticket and incident context is disconnected","Typed external/native observations and production learning chain","P2-028; P2-043; P2-057","W06; W09; W12","Both / connected references","Planned","V02; V07; V08; V16"
"FB-060","Support lead","docs/reviews/2026-10-04/TEAM_REVIEW.md#support-lead","Known issues and escalation links are missing","Version-scoped known issues/workarounds and responsible escalation owner","P2-081","W09","Both","Planned","V03; V05; V08; V09"
"FB-061","Support lead","docs/reviews/2026-10-04/TEAM_REVIEW.md#support-lead","Change notifications are absent","Personal in-app change digest; authenticated subscriptions in connected mode","P2-079; P2-080","W08; W11","Both / connected push","Planned","V02; V03; V05; V14; V15; V16"
"FB-062","Support lead","docs/reviews/2026-10-04/TEAM_REVIEW.md#support-lead","Customer-safe export is absent","Physically sanitized derivative with reviewed excerpts/history/assets","P2-044","W09","Both","Planned","V09"
"FB-063","Support lead","docs/reviews/2026-10-04/TEAM_REVIEW.md#support-lead","Role filter must not be mistaken for redaction or permissions","Honest portable labels; server policies and explicit sanitized exports","P2-008; P2-044; P2-050","W02; W09; W11","Both","Planned","V09; V14"
"FB-064","Operations lead","docs/reviews/2026-10-04/TEAM_REVIEW.md#operations-lead","Suggested work is not actual deployment evidence","Separate intention, approved release and reported/retrieved deployed state","P2-040; P2-056; P2-082","W09; W12","Both","Planned","V02; V07; V08; V16"
"FB-065","Operations lead","docs/reviews/2026-10-04/TEAM_REVIEW.md#operations-lead","Release/environment entities are free text","Stable IDs and explicit scope with unknown legacy migration","P2-011; P2-040","W03; W09","Both","Planned","V02; V04; V05; V08"
"FB-066","Operations lead","docs/reviews/2026-10-04/TEAM_REVIEW.md#operations-lead","Deployment manifests and flag states are absent","Selected manifest/config/flag references with provenance and audience","P2-082","W09","Both / connected ingestion","Planned","V02; V07; V08"
"FB-067","Operations lead","docs/reviews/2026-10-04/TEAM_REVIEW.md#operations-lead","Monitoring links and observations are missing","Dashboard/monitor references and observations linked to rollout/incident","P2-082; P2-043","W09","Both","Planned","V02; V07; V08"
"FB-068","Operations lead","docs/reviews/2026-10-04/TEAM_REVIEW.md#operations-lead","Rollout needs a reviewed checklist with owners","Release/runbook obligations and scoped deployment prerequisites","P2-039; P2-042","W09","Both","Planned","V02; V08"
"FB-069","Operations lead","docs/reviews/2026-10-04/TEAM_REVIEW.md#operations-lead","Rollback validation needs measurable criteria","Thresholds, actual validation evidence and missing-proof reasons","P2-042; P2-082","W09","Both","Planned","V02; V07; V08"
"FB-070","Operations lead","docs/reviews/2026-10-04/TEAM_REVIEW.md#operations-lead","Incident connections are absent","Observation to hypothesis/defect/decision/regression/runbook chain","P2-043","W09","Both","Planned","V02; V08"
"FB-071","Operations lead","docs/reviews/2026-10-04/TEAM_REVIEW.md#operations-lead","Operational approvals are not authenticated","Capability-checked signed-in actor and exact revision in shared mode","P2-090","W11","Connected","Planned","V03; V07; V14"
"FB-072","Operations lead","docs/reviews/2026-10-04/TEAM_REVIEW.md#operations-lead","File backup and ownership process is not proved","Alternate custodian, retained secret/recovery option and recovery drill","P2-003; P2-083; P2-065","W01; W08; W14","Both","Planned","V01; V02; V09; V15"
"FB-073","Operations lead","docs/reviews/2026-10-04/TEAM_REVIEW.md#operations-lead","Infrastructure execution needs separately authorized connected mode","Configured test execution only; production actions are outside automatic approval","P2-058; P2-077; P2-090","W11; W12","Connected","Boundary / reviewed integrations","V03; V07; V14; V16"
"FB-074","Whole delivery team","docs/reviews/2026-10-04/TEAM_REVIEW.md#feedback-as-one-delivery-team","Too much intake, authoring, approval and coordination effort","Guided intake and measure total team/PM effort including onboarding","P2-015; P2-016; P2-068","W04; W14","Both","Planned","V03; V04; V11; V17"
"FB-075","Whole delivery team","docs/reviews/2026-10-04/TEAM_REVIEW.md#feedback-as-one-delivery-team","Five role checkboxes start selected and generate unnecessary work","Explicit relevant-role selection; unknown impact remains visible","P2-018; P2-088","W04; W06","Both","Planned","V02; V04; V07; V11; V12"
"FB-076","Whole delivery team","docs/reviews/2026-10-04/TEAM_REVIEW.md#feedback-as-one-delivery-team","Personal focused inbox is absent","Owner-specific view with scoped attention and Team view distinction","P2-019; P2-070","W02; W04","Both","Planned","V03; V07; V10"
"FB-077","Whole delivery team","docs/reviews/2026-10-04/TEAM_REVIEW.md#feedback-as-one-delivery-team","Record the change once and review related suggestions together","Linked derived guidance and reviewed change package","P2-017; P2-032","W04; W07","Both","Planned","V03; V06; V08; V11"
"FB-078","Whole delivery team","docs/reviews/2026-10-04/TEAM_REVIEW.md#feedback-as-one-delivery-team","Readers need their baseline/master identity and changed context","Lineage, expected returns and last-view comparison","P2-033; P2-034; P2-079","W08","Portable","Planned","V02; V03; V05"
"FB-079","Whole delivery team","docs/reviews/2026-10-04/TEAM_REVIEW.md#feedback-as-one-delivery-team","Outstanding returned copies can be lost when rounds change","Expected-return manifest and explicit carry-forward/proposal review","P2-033; P2-034","W08","Portable","Planned","V02"
"FB-080","Whole delivery team","docs/reviews/2026-10-04/TEAM_REVIEW.md#feedback-as-one-delivery-team","Connect agreement to work already happening instead of duplicate status","External ownership and typed work/evidence connectors","P2-055; P2-056; P2-057; P2-061; P2-062","W12; W13","Connected","Planned","V07; V16"
"FB-081","Whole delivery team","docs/reviews/2026-10-04/TEAM_REVIEW.md#feedback-as-one-delivery-team","Direct scope links do not discover unrecorded dependencies","Reviewed paths, unknown coverage and same-meaning review","P2-029; P2-031; P2-076","W07","Both","Planned","V06; V07; V12"
"FB-082","Whole delivery team","docs/reviews/2026-10-04/TEAM_REVIEW.md#feedback-as-one-delivery-team","Static-file UI cannot supply reliable simultaneous editing or push","Transactional shared commands, conflict review and authenticated notification feed","P2-049; P2-051; P2-052; P2-080","W11","Connected","Planned","V14; V15; V16"
"FB-083","Company perspective","docs/reviews/2026-10-04/TEAM_REVIEW.md#company-perspective","Productivity/ROI is unproved","Matched real-participant pilot counts all-role effort and correction failures","P2-068; P2-069","W14","Both","Planned","V17; V18"
"FB-084","Company perspective","docs/reviews/2026-10-04/TEAM_REVIEW.md#company-perspective","Every full-file recipient can read all data","Honest portable labels; sanitized derivatives or controlled shared access","P2-008; P2-044; P2-050","W02; W09; W11","Both","Planned","V09; V14"
"FB-085","Company perspective","docs/reviews/2026-10-04/TEAM_REVIEW.md#company-perspective","Selecting a person does not authenticate them","Server identity/capability checks for shared approvals only","P2-050; P2-090","W11","Connected","Planned","V03; V07; V14"
"FB-086","Company perspective","docs/reviews/2026-10-04/TEAM_REVIEW.md#company-perspective","Former recipients retain already downloaded copies","Revocation stops future access; exports carry truthful boundary","P2-008; P2-054","W02; W11","Both","Mode boundary / controls planned","V09; V14; V15"
"FB-087","Company perspective","docs/reviews/2026-10-04/TEAM_REVIEW.md#company-perspective","The format cannot be made readable exclusively by this app","Standards-based encryption plus real access controls, not exclusivity claims","P2-008; P2-050","W02; W11","Both","Mode boundary / truthful labels","V09; V14"
"FB-088","Company perspective","docs/reviews/2026-10-04/TEAM_REVIEW.md#company-perspective","PM departure or lost passphrase can break continuity","Alternate custody, rotation/optional recovery key and ownership-transfer drill","P2-083; P2-065","W08; W14","Both","Planned","V02; V09; V15"
"FB-089","Company perspective","docs/reviews/2026-10-04/TEAM_REVIEW.md#company-perspective","Unmaintained copies become stale knowledge sources","Latest-known labels, briefings, expiry/review dates and subscriptions","P2-079; P2-080; P2-081","W08; W09; W11","Both","Planned","V02; V03; V05; V08; V09; V14; V15; V16"
"FB-090","Company perspective","docs/reviews/2026-10-04/TEAM_REVIEW.md#company-perspective","Size and complete-parent archives bound long projects","Capacity budget, lossless dedup, archive/restore and measured limits","P2-035; P2-036; P2-038; P2-067","W08; W14","Both","Planned","V02; V10; V11; V13; V18"
"FB-091","Company perspective","docs/reviews/2026-10-04/TEAM_REVIEW.md#company-perspective","Optional AI/backend operation is not made free by static hosting","Measured provider/job/storage cost controls and explicit optional setup","P2-048; P2-065; P2-091","W10; W14","Connected / optional AI","Planned","V12; V13; V15; V18"
"FB-092","Company perspective","docs/reviews/2026-10-04/TEAM_REVIEW.md#company-perspective","Organization-managed storage, backup and migrations are needed at scale","Shared policies/repository, export/restore and self-host option","P2-049; P2-054; P2-065; P2-085; P2-064","W11; W14","Connected","Planned","V09; V14; V15; V17; V18"
"FB-093","Company perspective","docs/reviews/2026-10-04/TEAM_REVIEW.md#company-perspective","Regulatory-grade audit and release authority require a stricter separate effort","Authenticated ordinary journal; no certification/tamper-proof claim","P2-090; P2-065","W11; W14","Connected","Boundary / ordinary governance planned","V03; V07; V14; V15"
"FB-094","Company perspective","docs/reviews/2026-10-04/TEAM_REVIEW.md#company-perspective","Adoption should depend on real users returning voluntarily","Capture willingness, total cost and repeatable benefits; no short-pilot escaped-defect claim","P2-068; P2-069","W14","Both","Planned","V17; V18"
"FB-095","Company perspective","docs/reviews/2026-10-04/TEAM_REVIEW.md#company-perspective","Measure net saved work, not only QA benefit or generated output","Avoided effort minus added upkeep; matched tasks include PM/BA and failures","P2-068","W14","Both","Planned","V17"
"FB-096","AI and earlier architecture extensions","BUILD_PLAN.md#later-scope-useful-extensions-not-hidden-requirements","Live provider behavior and model quality are untested","Actual protected account/provider checks reported separately from fixtures","P2-045; P2-047","W10","Optional AI","Planned","V12; V17"
"FB-097","AI and earlier architecture extensions","BUILD_PLAN.md#later-scope-useful-extensions-not-hidden-requirements","Preserve qualifiers, authority and unknown handling","Task-specific gold/holdout cases and human review of exact evidence","P2-046; P2-047","W10","Optional AI","Planned","V05; V12; V17"
"FB-098","AI and earlier architecture extensions","BUILD_PLAN.md#later-scope-useful-extensions-not-hidden-requirements","Current/historical answers must not mix baselines","Scoped retrieval and request-input identity","P2-022; P2-046","W05; W10","Both / optional AI","Planned","V05; V12"
"FB-099","AI and earlier architecture extensions","BUILD_PLAN.md#later-scope-useful-extensions-not-hidden-requirements","Measure actual latency/cost and human correction effort","Recorded usage and reviewer effort with explicit budgets","P2-047; P2-048; P2-068","W10; W14","Optional AI","Planned","V12; V15; V17"
"FB-100","AI and earlier architecture extensions","BUILD_PLAN.md#later-scope-useful-extensions-not-hidden-requirements","Provider comparisons/fallback need an explicit adapter and choice","Second-provider contract/evaluation; no hidden data routing","P2-089; P2-048","W10","Optional AI","Planned","V12; V15; V17"
"FB-101","AI and earlier architecture extensions","BUILD_PLAN.md#later-scope-useful-extensions-not-hidden-requirements","Long processing needs durable resumable jobs","Bounded chunks, lease/checkpoint/cancellation/expiry and current-input recheck","P2-053; P2-086","W11","Connected","Planned","V12; V14; V15"
"FB-102","AI and earlier architecture extensions","BUILD_PLAN.md#later-scope-useful-extensions-not-hidden-requirements","A queue cannot guarantee exactly-once provider billing","Accepted domain effects idempotent; uncertain external side effects reconciled","P2-086; P2-077","W11; W12","Connected","Boundary / safeguards planned","V07; V12; V14; V15; V16"
"FB-103","AI and earlier architecture extensions","BUILD_PLAN.md#later-scope-useful-extensions-not-hidden-requirements","Imported instructions must not change prompts/access/actions","Untrusted-content handling plus schema/citation/authority and permission checks","P2-046; P2-050","W10; W11","Both / optional AI","Planned","V05; V12; V14"
"FB-104","AI and earlier architecture extensions","BUILD_PLAN.md#later-scope-useful-extensions-not-hidden-requirements","Exclude generated exports from source ingestion loops","Origin tagging and no recursive auto-ingestion","P2-087","W12","Connected","Planned","V05; V14; V16"
"FB-105","AI and earlier architecture extensions","BUILD_PLAN.md#later-scope-useful-extensions-not-hidden-requirements","Timeout is not deletion and access loss invalidates cached context","Distinct adapter outcomes and permission-aware answer invalidation","P2-087","W12","Connected","Planned","V05; V14; V16"
"FB-106","AI and earlier architecture extensions","BUILD_PLAN.md#later-scope-useful-extensions-not-hidden-requirements","Realtime signals should refresh, not silently merge conflicts","Expected-revision transactions and explicit conflict resolution","P2-051; P2-052; P2-080","W11","Connected","Planned","V14; V15; V16"
"FB-107","AI and earlier architecture extensions","BUILD_PLAN.md#later-scope-useful-extensions-not-hidden-requirements","Cross-product dependencies must be explicit and access-aware","Reviewed scoped links with unknown/inaccessible handling","P2-084","W14","Connected / authorized snapshots","Planned","V06; V14; V17"
"FB-108","AI and earlier architecture extensions","BUILD_PLAN.md#later-scope-useful-extensions-not-hidden-requirements","Self-host operation needs packaging, backups and upgrades","Same backend deployment package and tested restore/upgrade runbook","P2-085; P2-091","W14","Connected","Planned","V13; V14; V15; V18"
"FB-109","Earlier section-review gaps and preservation checks","IMPLEMENTATION_REVIEW.md","Rich handbook authoring was absent","Safe structured blocks and plain-text fallback with linked facts","P2-073","W04","Both","Planned","V02; V10; V11"
"FB-110","Earlier section-review gaps and preservation checks","IMPLEMENTATION_REVIEW.md","Multiple-source evidence picker was absent","Exact multi-revision passages with explicit evidence change decisions","P2-072","W04","Both","Planned","V02; V04; V11"
"FB-111","Earlier section-review gaps and preservation checks","IMPLEMENTATION_REVIEW.md","PDF/DOCX input was absent in the 0.2 review","Already added in 0.4; repeat real parser/worker and persisted citation checks","P2-004; P2-015; P2-037","W01; W04; W08","Both","Implemented in 0.4 / reverify","V01; V02; V04; V11"
"FB-112","Earlier section-review gaps and preservation checks","IMPLEMENTATION_REVIEW.md","Semantic tables and timestamp locations were absent","Bounded table/CSV and SRT/VTT fidelity with uncertainty preview","P2-037","W08","Both","Planned","V11"
"FB-113","Earlier section-review gaps and preservation checks","IMPLEMENTATION_REVIEW.md","Scanned documents and audio input were absent","Bounded optional OCR/transcription path, consent and review","P2-063","W13","Both / selected processing","Planned","V11; V12; V13"
"FB-114","Earlier section-review gaps and preservation checks","IMPLEMENTATION_REVIEW.md","Original document binaries are not retained","Explicit bounded attachment choice; byte-identical restore","P2-038","W08","Both","Planned","V02; V11; V13"
"FB-115","Earlier section-review gaps and preservation checks","IMPLEMENTATION_REVIEW.md","Automatic source synthesis was absent in earlier build","Candidate code exists; live source-backed acceptance remains to prove","P2-015; P2-045; P2-046; P2-047","W04; W10","Optional AI","Partly implemented / live acceptance planned","V04; V05; V11; V12; V17"
"FB-116","Earlier section-review gaps and preservation checks","IMPLEMENTATION_REVIEW.md","Owner resolutions must not silently amend the agreement","Separate interpretation/proposal/approval with retained exact base","P2-004; P2-016; P2-032","W01; W04; W07","Both","Implemented foundation / preserve and extend","V01; V02; V03; V06; V08; V11"
"FB-117","Earlier section-review gaps and preservation checks","IMPLEMENTATION_REVIEW.md","Keep archive/restore and keep/replace/remove evidence decisions","Reference-safe archives and explicit multi-source evidence diff","P2-036; P2-038; P2-072","W04; W08","Both","Implemented foundation / preserve and extend","V02; V04; V11; V13"
"FB-118","Earlier section-review gaps and preservation checks","IMPLEMENTATION_REVIEW.md","Local activity is not authenticated or tamper-proof history","Mode-aware identity and server approval capability; no certification claim","P2-008; P2-090","W02; W11","Both","Planned","V03; V07; V09; V14"
"FB-119","Earlier section-review gaps and preservation checks","IMPLEMENTATION_REVIEW.md","Full accessibility/cross-browser and native-write coverage are incomplete","Keyboard/screen-reader/phone/device matrix and real retained-file checks","P2-009; P2-067; P2-004","W01; W02; W14","Both","Planned","V01; V02; V10; V13; V18"
"FB-120","Earlier section-review gaps and preservation checks","IMPLEMENTATION_REVIEW.md","Design needs readable responsive UI without external fonts","Preserve local assets, clear hierarchy, focus and reduced-motion behavior while extending","P2-009; P2-067; P2-066","W02; W14","Both","Implemented foundation / preserve and extend","V10; V13; V17; V18"
"FB-121","Earlier section-review gaps and preservation checks","IMPLEMENTATION_REVIEW.md","Dirty-cache, stale-file and simultaneous-tab protection must persist","Atomic migration/recovery tests and explicit shared conflict boundaries","P2-004; P2-014; P2-051","W01; W03; W11","Both","Planned","V01; V02; V04; V14"
"FB-122","Earlier section-review gaps and preservation checks","IMPLEMENTATION_REVIEW.md","Unknown future formats must not be stripped into apparent validity","Version rejection, backup-before-migration and linked validation","P2-002; P2-014","W01; W03","Both","Planned","V01; V02; V04"
"FB-123","Competitive improvement directions","docs/reviews/2026-10-04/TEAM_REVIEW.md#comparison-with-current-alternatives","Jama already has requirement relationships, traceability and change impact","Build reviewed hierarchy/relationships and benchmark simpler total-team workflow","P2-071; P2-029; P2-075; P2-069","W03; W06; W07; W14","Both","Planned","V02; V03; V04; V06; V07; V08; V17; V18"
"FB-124","Competitive improvement directions","docs/reviews/2026-10-04/TEAM_REVIEW.md#comparison-with-current-alternatives","Qase has stronger test execution/results and integrations","Native cases/manual runs, external execution and real result provenance","P2-024; P2-025; P2-056; P2-077; P2-069","W06; W12; W14","Both / connected execution","Planned","V02; V07; V14; V16; V17; V18"
"FB-125","Competitive improvement directions","docs/reviews/2026-10-04/TEAM_REVIEW.md#comparison-with-current-alternatives","Azure has stronger work/code/build/test/release traceability","Connect actual identities/evidence without creating another status system","P2-056; P2-057; P2-061; P2-069","W12; W13; W14","Connected","Planned","V07; V16; V17; V18"
"FB-126","Competitive improvement directions","docs/reviews/2026-10-04/TEAM_REVIEW.md#comparison-with-current-alternatives","Confluence/Jira/Rovo provide collaboration, permissions and agent tools","Shared policies plus selected docs/work connectors and reviewed actions","P2-050; P2-058; P2-059; P2-069","W11; W12; W13; W14","Connected","Planned","V11; V14; V16; V17; V18"
"FB-127","Competitive improvement directions","docs/reviews/2026-10-04/TEAM_REVIEW.md#comparison-with-current-alternatives","ClickUp provides broad collaborative work and contextual AI","Link its authoritative work; prove agreement/evidence handoff value","P2-057; P2-062; P2-069","W12; W13; W14","Connected","Planned","V16; V17; V18"
"FB-128","Competitive improvement directions","docs/reviews/2026-10-04/TEAM_REVIEW.md#comparison-with-current-alternatives","Google source notebooks support broader inputs and source understanding","Fidelity/selected refresh and measured follow-through into work/releases/learning","P2-037; P2-060; P2-063; P2-043; P2-069","W08; W09; W13; W14","Both / connected refresh","Planned","V02; V08; V11; V12; V13; V16; V17; V18"
"FB-129","Competitive improvement directions","docs/reviews/2026-10-04/TEAM_REVIEW.md#comparison-with-current-alternatives","Slite was also named in the earlier positioning discussion","Include knowledge verification/source-answer workflow in documented and access-based benchmarking","P2-069; P2-017; P2-021","W04; W05; W14","Both","Planned","V05; V06; V11; V12; V17; V18"
"FB-130","Competitive improvement directions","docs/reviews/2026-10-04/TEAM_REVIEW.md#comparison-with-current-alternatives","Established features must not be sold as a new market category","Same scenario comparison and honest wins/losses; superiority remains a hypothesis","P2-069; P2-068","W14","Both","Planned","V17; V18"
"FB-131","Explicit architecture choices and boundaries","BUILD_PLAN.md#alternatives-considered","GitHub-only hosting must still support a useful manual product","Static frontend plus account-free native portable lifecycle","P2-004; P2-018; P2-024; P2-039; P2-043","W01; W04; W06; W09","Portable","Planned","V01; V02; V07; V08; V11"
"FB-132","Explicit architecture choices and boundaries","BUILD_PLAN.md#alternatives-considered","Provider keys cannot safely live in the public frontend","Protected backend secrets and selected plaintext consent","P2-045; P2-046; P2-050","W10; W11","Optional AI","Chosen path / direct frontend keys excluded","V05; V12; V14"
"FB-133","Explicit architecture choices and boundaries","BUILD_PLAN.md#alternatives-considered","Shared DB was deliberately deferred until file value is proved","Portable checkpoints first; optional shared repository/policies later","P2-049; P2-050; P2-054","W11","Connected","Planned","V09; V14; V15"
"FB-134","Explicit architecture choices and boundaries","BUILD_PLAN.md#alternatives-considered","Browser-local models were an alternative with device/quality costs","Manual offline mode retained; local inference not selected for Phase 2 core; future adapter requires measured device/quality acceptance","P2-047; P2-048","W10","Portable","Alternative not selected / recorded decision","V12; V15; V17"
"FB-135","Explicit architecture choices and boundaries","BUILD_PLAN.md#alternatives-considered","Cloud processing cannot honestly be called zero-knowledge","Explicit server/provider data flow and permission-enforced selected exports","P2-008; P2-044; P2-050; P2-054","W02; W09; W11","Connected","Mode boundary / controls planned","V09; V14; V15"
"FB-136","Explicit architecture choices and boundaries","BUILD_PLAN.md#alternatives-considered","Lost all decryption keys cannot be fixed with a reset button","Optional retained recovery key/custodian; honest irrecoverable state if none exist","P2-083; P2-003","W01; W08","Portable","Mode boundary / continuity safeguards planned","V01; V02; V09; V15"
"FB-137","Explicit architecture choices and boundaries","BUILD_PLAN.md#alternatives-considered","Restricted partial bundles cannot become full masters through merge","Sanitized derivative identity/type and explicit proposal workflow","P2-044; P2-054; P2-034","W08; W09; W11","Both","Planned","V02; V09; V14; V15"
"FB-138","Explicit architecture choices and boundaries","BUILD_PLAN.md#alternatives-considered","Production infrastructure/monitoring execution is outside automatic product approval","Record evidence/obligations; separately authorized external action paths; no production control-plane promise","P2-082; P2-058; P2-090","W09; W11; W12","Connected","Boundary / integrations planned","V02; V03; V07; V08; V14; V16"
