"ID","Package","Priority","Status","Origin","Capability","Implementation approach","Dependencies","Code or area","Acceptance criterion","Size","Validation"
"P2-001","W01","P0","Planned","REL-001","Canonical structured comparison","Object keys unordered; arrays ordered; exact scalar values; reject unsupported input; audit all snapshot comparisons","None","reconciliation; behaviors; actions; domain; knowledge","Reordered object keys compare equal; changed identity/value/array order does not","S","V01"
"P2-002","W01","P0","Planned","REL-001","Idempotent linked-history normalization","Clean active and referenced snapshots consistently; validate input and normalized output without discarding history","P2-001","domain; behaviors; reconciliation; sharing","Repeated normalization is value-identical and authored linked history remains valid","S","V01"
"P2-003","W01","P0","Planned","REL-001","Affected-file recovery and save confirmation","Preserve original; corrected validator recovery copy; validate serialized reopen before success; distinguish cache from exported disk file","P2-001; P2-002","vault; storage; files; app","Affected encrypted regression opens; failed migration/write leaves prior state and backup intact","M","V01; V02"
"P2-004","W01","P0","Planned","REL-001","Authored lifecycle and tamper regression","Cover new project through walkthrough/change/cache/export/share/merge/reopen; repeat cycles; mutate linked identities and evidence","P2-001; P2-002; P2-003","tests; real browser journeys","Valid cycles pass; altered history rejects atomically; supported older formats open","M","V01; V02"
"P2-005","W02","P1","Planned","REL-002; REL-003","Shared attention selector","Typed stable review items with reason; actor/role/release scope; proposal versus stale-approved distinctions","P2-004","new attention module; domain","Every relevant pending or stale record has a unique actionable attention item","M","V03"
"P2-006","W02","P1","Planned","REL-002","Unified decision inbox","Requirements/handbook/task proposals and questions in one grouped inbox; links to exact actionable revision","P2-005","workflow-ui; behavior-ui; delivery-ui","Pending walkthrough rule appears and opens from Change review","M","V03"
"P2-007","W02","P1","Planned","REL-003","Consistent overview and navigation","Counts from filtered attention items; scoped empty states; no universal caught-up claim from a partial queue","P2-005; P2-006","app; overview; navigation","Same scope produces same item IDs/counts across overview/inbox/details; five stale actions visible","S","V03"
"P2-008","W02","P1","Planned","REL-006","Portable identity and privacy labels","Label names/receipts as self-reported; role views as filters; full-file recipient access and revocation limits","P2-003","sharing; identity UI; export UI","Portable view never implies authenticated sign-off or role access enforcement","S","V09"
"P2-009","W02","P2","Planned","REL-015","Form labels and focus foundation","Explicit labels/hint associations; stable names; focus restoration; preserve populated form edits during updates","P2-006","UI modules; dialogs; style","Keyboard can complete existing core journey; labels remain stable after values change","M","V10"
"P2-010","W03","P1","Planned","REL-004; BA; Product","Typed requirements and objectives","Behavior/constraint/NFR records; acceptance measures; exclusions; goal links; reviewed decision tables","P2-002; P2-005","domain; behaviors; new requirements module","Each type retains original evidence and approved revisions; contradictions become questions","M","V02; V04"
"P2-011","W03","P1","Planned","REL-012; Support; Operations","Structured applicability","Release/environment/audience IDs; unknown legacy scope; agreed/released/deployed distinct lifecycle","P2-010","scope module; domain","Unknown stays unknown; incompatible release scope cannot be silently selected as applicable","M","V04; V05"
"P2-012","W03","P2","Planned","REL-010","Configurable roles and membership","Stable role IDs with BA seed; separate memberships/ownership/capabilities; preserve historical labels","P2-010","domain; perspectives; AI contracts","Rename role without orphaned history; BA supported independently","M","V02; V04; V10"
"P2-013","W03","P1","Planned","REL-008; REL-009","Typed relationship contract","Reviewed directed edges; origin/revision/scope; project-safe endpoints; allowed edge-type constraints","P2-010; P2-011","new relationships module","Invalid/dangling/cross-project links reject; unknown links do not imply no impact","M","V02; V06"
"P2-014","W03","P1","Planned","REL-001; REL-010; REL-012; REL-013","Versioned schema migration","Backup originals; deterministic schema updates; unknown scope preservation; extend linked merge/baseline contracts for every new family; future rejection","P2-010; P2-011; P2-012; P2-013","domain; vault; sharing; migration fixtures","All supported files and added families migrate/reopen/share without losing source/history/role identity or linked records","M","V02; V04"
"P2-015","W04","P1","Planned","REL-004","Guided source-to-agreement intake","Preview source extraction; scope/glossary; manual templates or AI candidates; evidence-led review","P2-014","documents; intake UI","User reaches reviewed scoped requirements without retyping original facts","M","V04; V11"
"P2-016","W04","P1","Planned","REL-004; REL-002","Safe batch review","Per-item evidence/diff/qualifiers; explicit approval authority; expected revision; stale selections isolated","P2-006; P2-010; P2-015","inbox; domain commands","Batch never hides unsupported candidate or approves a changed base silently","M","V03; V11"
"P2-017","W04","P1","Planned","REL-004; REL-009","Derived role guidance","Guidance references approved requirement revisions; reviewed narrative overrides; source change creates review item","P2-013; P2-016","handbook; knowledge; role briefs","One fact feeds consistent briefs; stale overrides visible without silent overwrite","M","V06; V11"
"P2-018","W04","P1","Planned","REL-004; REL-011; Development","Native work planning","Lightweight board/list; owner/dependencies/criteria/release; relevant roles explicitly reviewed; native/external ownership flags","P2-011; P2-012; P2-013","actions; delivery-ui","Concrete conditions/exceptions survive; no default all-role task explosion","M","V02; V07; V11"
"P2-019","W04","P2","Planned","REL-010","My work versus Team view","Owner-specific inbox and team perspective; clear mode and unassigned work; historical identity preservation","P2-012; P2-018","app; perspectives; attention","Named My work excludes others' owned items; Team view explicitly includes them","S","V03; V10"
"P2-020","W05","P1","Planned","REL-007; BA","Reviewed glossary aliases","Project/release-aware aliases and abbreviations; deterministic weighted retrieval; avoid global synonym pollution","P2-010; P2-011; P2-015","knowledge; glossary","Handoff reset matches relevant sharing concept or requests useful clarification","M","V05"
"P2-021","W05","P1","Planned","REL-007; REL-014","Agreed answers versus source exploration","Separate approved retrieval from raw source passages; exact citations; display conflict/authority/unknown","P2-017; P2-020","knowledge; workflow-ui; ai","Raw passage cannot be presented as approved agreement; source modes clearly labeled","M","V05; V12"
"P2-022","W05","P1","Planned","REL-012","Release/baseline/deployment answer scope","Explicit filters; index/cache keys include project/revision/baseline/scope/access; no future fallback","P2-011; P2-021","knowledge; scope; answer UI","R1 query cannot use R2 agreement; unknown deployed state remains unknown","M","V05"
"P2-023","W05","P1","Planned","REL-007; REL-012","Retrieval evaluation set","Synonyms/negation/conflicts/baselines/no-answer labels; frozen holdout; add semantic retrieval only on measured need","P2-020; P2-021; P2-022","evaluation fixtures; knowledge","Critical scope cases all pass; retrieval target met without unsupported answers","S","V05; V12"
"P2-024","W06","P1","Planned","REL-008; REL-011; QA","Native test registry","Versioned cases/suites; conditions/exceptions/parameters/expected outcomes; exploratory charters and NFR measures","P2-010; P2-011; P2-018","new testing module; UI","Requirement-to-case mapping is explicit; scenario retains qualifier and exact version","M","V02; V07"
"P2-025","W06","P1","Planned","REL-008; QA","Manual runs and results","Immutable historical result; exact case/requirement/build/env refs; blocked/not-run/fail/pass distinct; retry as new run","P2-024","testing; evidence module","Completion creates no pass; old failure cannot be edited into a current pass","M","V02; V07"
"P2-026","W06","P1","Planned","REL-008","Evidence provenance and applicability","Reference/self-report/import/retrieved origin; verified mapping versus mere successful run; reviewer applicability decisions","P2-013; P2-025","evidence; attention; scope","URL alone is not verified coverage; unchanged scope can retain reviewed applicability with original run intact","M","V07; V08"
"P2-027","W06","P1","Planned","REL-008; QA; Development","Bounded test-report file import","Safe parser; source hash/run identity; duplicate detection; unmapped/ambiguous cases shown; no arbitrary code execution","P2-025; P2-026","report importer; workers; tests","Duplicate JUnit-style report does not duplicate results; malformed or ambiguous input cannot claim coverage","M","V07; V11"
"P2-028","W06","P1","Planned","REL-008; QA; Support","Native defects and observations","Observed facts/severity/build/scope; failed-case links; cause kept as hypothesis; external defect ref optional","P2-025; P2-026","defects; evidence UI","A defect traces to observation and scope without inventing root cause","M","V02; V07; V08"
"P2-029","W07","P1","Planned","REL-009","Reviewed graph traversal","Cycle-safe bounded impact; scoped edge paths; confirmed/likely/unknown reasons; explicit missing link coverage","P2-013; P2-017; P2-026","relationships; impact selectors","Indirect affected guidance/tests found with path; cycles bounded; missing edges stay unknown","M","V06"
"P2-030","W07","P1","Planned","REL-009; Product; BA","Change rehearsal","Isolated alternative scenario pinned to exact base; show downstream role/work/evidence/release effects; no approved mutation","P2-029","scenario module; review UI","Rehearsal changes no active agreement; stale scenario cannot approve against a different base","M","V06"
"P2-031","W07","P1","Planned","REL-009; QA","Reviewed same-meaning and carry-forward","Field/scope rationale; only justified evidence applicability relationship; original results unchanged","P2-026; P2-029","impact; evidence; decisions","Wording-only review preserves justified applicability; changed fraud path never inherits unsupported pass","M","V06; V07"
"P2-032","W07","P1","Planned","REL-004; REL-009; Entire team","Reviewed change package and handoffs","Group decision and proposed work/test/guidance changes; separate approvals; one source fact referenced by all briefs","P2-018; P2-030; P2-031","change packages; attention; handoff UI","Six role handoffs agree on approved qualifiers; rejection/partial approval stays visible","M","V03; V06; V08"
"P2-033","W08","P1","Planned","REL-005","Master lineage and expected returns","Visible identity/base/fingerprint/latest-known revision; requested/received/merged/withdrawn assignments","P2-014; P2-032","sharing; files; sharing UI","PM can account for expected returns; recipient identifies their base without false latest claim","M","V02"
"P2-034","W08","P1","Planned","REL-005","Safe round replacement and return review","Preview outstanding returns; preserve earlier lineage; duplicate detection; incompatible ancestry becomes explicit proposal review","P2-033","sharing; history; review UI","New round cannot silently lose outstanding work; old return never guessed into a merge","M","V02"
"P2-035","W08","P2","Planned","REL-013","Capacity and responsiveness budgets","Show active/text/base/archive/asset sizes; preflight limits; measure query/merge/save/reopen; preserve previous usable file","P2-014; P2-033","storage; vault; diagnostics","Oversize operation warns before mutation; large project meets measured supported budget","S","V02; V13"
"P2-036","W08","P2","Planned","REL-013","Lossless snapshot deduplication","Content-addressed immutable parent refs; hash/ancestry validation; previewable versioned compaction; backups","P2-035","domain; sharing; migration","All logical parents/revisions/citations inspectable after compaction and reopen","M","V02; V13"
"P2-037","W08","P2","Planned","REL-013; BA","Table and transcript fidelity","Bounded CSV/table/decision table inputs and SRT/VTT locations; extraction uncertainty preview; no fabricated layout citations","P2-015; P2-035","documents; document worker; source UI","Representative cells/timestamps retain correct locations; unsupported tables warn and preserve original","M","V11"
"P2-038","W08","P2","Planned","REL-013","Bounded original attachments and archives","Explicit retention choice/per-file and total budget; original backup; separate archive workflow; avoid premature envelope rewrite","P2-035; P2-036","assets; vault; document UI","Selected originals recover exactly; excluded assets not implied present; live references never dangle after archive","M","V02; V11; V13"
"P2-039","W09","P1","Planned","REL-008; REL-012; Operations; Company","Release obligations and exceptions","Named release; unresolved decision/work/failed-stale-missing evidence/guidance reasons; owned accepted risks; no averaged readiness score","P2-011; P2-026; P2-032","releases; attention; release UI","Critical blocker remains visible even when other obligations pass; exception retains reviewer and rationale","M","V02; V08"
"P2-040","W09","P1","Planned","REL-008; REL-012; Operations","Build/deployment and rollout scope","Release/build/environment/flag/audience records; planned/agreed/released/deployed states; provenance-aware deployment observation","P2-011; P2-026; P2-039","releases; deployments; scope","Release approval alone cannot imply deployed behavior; partial rollout scope stays explicit","M","V02; V08"
"P2-041","W09","P1","Planned","REL-004; REL-007; REL-012; Support","Applicable Support guidance","Approved FAQ/troubleshooting snippets linked to requirement revisions; customer/release filters; stale basis enters inbox","P2-017; P2-022; P2-040","guidance; support UI","Support answer reflects actual selected deployment or explains missing deployment context","M","V02; V05; V08"
"P2-042","W09","P1","Planned","REL-008; Operations","Operational obligations and runbooks","Prerequisites/rollout/rollback checks; owners; actual evidence; runbook basis and stale reasons; no production execution implied","P2-017; P2-026; P2-040","runbooks; releases; operations UI","Missing rollback verification is explicit; checked documentation does not prove execution","M","V02; V08"
"P2-043","W09","P1","Planned","Support; Operations; Product; QA","Production-to-product learning","Incident/ticket observations against deployed scope; triaged question/defect/requirement proposal and regression/runbook follow-up","P2-028; P2-040; P2-041; P2-042","incidents; changes; testing; guidance","Observation creates reviewed follow-up chain; hypothesis never becomes automatic product truth","M","V02; V08"
"P2-044","W09","P1","Planned","REL-006; Support; Company","Sanitized role/customer reading exports","Allowlist physical records/fields; inspect citation/history/attachment disclosure; derivative identity/type; no hidden full payload","P2-008; P2-038; P2-041","exports; sharing; privacy UI","Excluded context cannot be recovered from artifact; reading export cannot pose as full merge parent","M","V09"
"P2-045","W10","P1","Planned","REL-014","Live protected AI deployment","Configure actual provider/backend; real Auth/allowance/error path; exact available model; no key in browser/repo","P2-014; external backend/provider access","supabase functions; AI_SETUP; ai UI","Real authenticated call and denied/expired/over-limit tests pass; fixtures reported separately","M","V12"
"P2-046","W10","P1","Planned","REL-014; REL-010; REL-012","Versioned bounded AI tasks","Role/scope schema; input hashes; quote validation; stale rejection; untrusted document instructions; manual review","P2-012; P2-022; P2-032; P2-045","ai; gateway; task contracts","Candidate cannot erase qualifier or claim other project/baseline evidence; failure preserves drafts","M","V05; V12"
"P2-047","W10","P1","Planned","REL-014; REL-007","Labeled model/holdout evaluation","Train/development/holdout separated; qualifiers/authority/unknown/contradiction/correction effort; compare configured providers by same tasks","P2-023; P2-046","eval harness; fixtures; report","Critical holdout scope/unsupported-approval cases all pass; quality and failure details published","M","V12; V17"
"P2-048","W10","P1","Planned","REL-014; Company","AI cost latency and routing controls","Measure usage and correction time; per-project/admin budgets; explicit selected provider; cancellations; minimized diagnostic logging","P2-045; P2-047","gateway; settings; usage UI","No hidden provider routing; budget denial alters no approved data; no sensitive bodies in logs","M","V12; V15"
"P2-049","W11","P1","Planned","REL-006; REL-005; Company","Shared repository and asset model","Supabase Postgres revisions/journals/private Storage; domain repository adapter; shared schema migrations and backups","P2-014; P2-038; P2-044; backend access","supabase migrations; repository adapter","Same domain lifecycle roundtrips between authorized shared snapshot and portable export","L","V14; V15"
"P2-050","W11","P1","Planned","REL-006","Authenticated project policies","Org/project memberships/capabilities; RLS and asset policies; permission-filtered relations/search/jobs/exports; backend-only service credentials","P2-049","Auth; policies; storage; backend commands","Two-user/two-project denial matrix passes including indirect search/asset/export/job paths","L","V14"
"P2-051","W11","P1","Planned","REL-005; REL-006","Transactional commands and conflicts","Expected revisions; unique command IDs; journal atomically committed; stale writes become reviewed conflicts","P2-049; P2-050","backend command service; client sync","Concurrent edits cannot lose updates; retry cannot duplicate approvals/events","L","V14"
"P2-052","W11","P1","Planned","REL-005; Company","Offline draft reconnect","Encrypted local pending proposals; server actor recheck; stale-base rebase/review; permission revocation before submission","P2-051","storage; sync; conflict UI","Offline stale approval never silently applies; revoked user cannot replay queued write","M","V14"
"P2-053","W11","P1","Planned","REL-014; Connectors; Operations","Durable bounded jobs","Queue idempotent tasks; retries/backoff/cancellation; input/access recheck; visible job failures; backend secrets","P2-048; P2-050; P2-051","job worker; gateway; connector infrastructure","Crash/retry executes at most one accepted domain effect; revoked/stale job cannot publish output","L","V14; V15"
"P2-054","W11","P1","Planned","REL-006; REL-013","Shared export restore and retention","Encrypted authorized snapshots; backup/restore drill; retention/export rules; honest downloaded-copy revocation boundary","P2-044; P2-049; P2-050; P2-052","shared export; company controls","Restore retains identities/history; export respects access scope; revoked downloads not claimed erased","M","V09; V14; V15"
"P2-055","W12","P1","Planned","REL-008; Development","GitHub read adapter and stable references","Public reference pilot then backend authenticated private access; issues/PR distinction; pagination/rate/deletion/permission cases; stable IDs","P2-013; P2-050; P2-053; GitHub access","connectors; external refs","Actual pilot repo reference resolves with provenance; inaccessible/private records cannot leak","M","V16"
"P2-056","W12","P1","Planned","REL-008; QA; Operations","Retrieved run/build/deployment evidence","Read real run/artifact metadata; preserve origin/build/time; map explicit cases and scope; expiry/missing artifacts visible","P2-026; P2-027; P2-040; P2-055","GitHub connector; evidence","Successful generic workflow is not blanket requirement proof; real mapped run trace demonstrated","M","V07; V16"
"P2-057","W12","P1","Planned","REL-004; Development; QA","External field/status ownership","Native/external authoritative field declaration; refresh preview; conflicts visible; no parallel manual issue status maintenance","P2-018; P2-055","external ownership; work UI","External-owned status refreshes from its system; native contextual decisions remain independent","M","V16"
"P2-058","W12","P2","Planned","REL-004; Company","Reviewed write-back framework","Exact external diff; expected external revision; user authority; transactional outbox/idempotency; failure result","P2-051; P2-053; P2-057","connector commands; outbox; approval UI","Retry does not duplicate external write; changed base requires review; AI/webhook alone cannot authorize write","M","V16"
"P2-059","W13","P2","Planned","REL-004; REL-013; Confluence","Confluence selected-source adapter","Read selected pages/revisions with access; refresh creates source revision and review candidates; real tenant label","P2-037; P2-050; P2-053; P2-055; tenant access","document connector; sources","Actual tenant page revision and revoked-access journey pass; source refresh never auto-approves agreement","M","V11; V16"
"P2-060","W13","P2","Planned","REL-004; REL-013; Drive","Drive selected-file adapter","Stable document/file IDs and revision identity; safe extraction; access/deletion failure; explicit selection and refresh review","P2-038; P2-050; P2-053; P2-059; account access","Drive connector; assets; sources","Selected file refresh preserves original citation and review trail; inaccessible files fail closed","M","V11; V16"
"P2-061","W13","P2","Planned","REL-008; Azure DevOps","Azure work/test reference adapter","Map external workflow/case/run/build identities and authoritative fields; fixtures plus actual tenant auth/rate/scope checks","P2-056; P2-057; P2-059; tenant access","Azure adapter; external refs","Real linked work/test/run demonstrated where tenant exposes it; unmapped status explicit","L","V07; V16"
"P2-062","W13","P2","Planned","REL-004; ClickUp","ClickUp work reference adapter","Selected tasks/docs and external ownership; reviewed refresh; provider-specific permission/revision behavior verified","P2-057; P2-059; account access","ClickUp adapter; work","Actual selected task updates without duplicated manual status; denied/deleted record handled","M","V16"
"P2-063","W13","P2","Planned","REL-013","Bounded OCR/audio processing","Assess device/provider limits; explicit processing choice/consent; source preview/warnings; cancellation and budgets; no approval implied","P2-037; P2-038; P2-048; P2-053; processing access if remote","document workers; processing jobs","Scanned/audio fixture is labeled uncertain extraction; original location retained; unsupported size warns","L","V11; V12; V13"
"P2-064","W14","P2","Planned","Company; Delivery lead","Permission-aware portfolio","Authorized project summaries; latest-known time; unresolved reasons/evidence gaps; no incomparable readiness league table","P2-039; P2-050; P2-056","portfolio; backend selectors","Unauthorized projects never affect counts/search; unavailable/stale summaries labeled","M","V14; V17"
"P2-065","W14","P1","Planned","REL-006; REL-013; Company; Operations","Ownership retention and restore controls","Ownership transfer; export/retention rules; backup restore drill; job/provider budgets; data-minimized logs; operational responsibilities","P2-048; P2-054","admin; operations docs; backup tooling","Named responsible owner and verified restore; membership changes enforce access; documented retention effects","M","V15"
"P2-066","W14","P2","Planned","REL-004; Entire team","Onboarding and reusable templates","Fictional six-role complete journey; generic input templates; native/manual and connected setup distinction","P2-015; P2-032; P2-043; P2-054","demo-story; onboarding; docs","New person understands role/scope/current agreement without PM rewriting the context","S","V10; V17"
"P2-067","W14","P1","Planned","REL-013; REL-015; Entire team","Performance access and browser hardening","Measured dataset tiers; save/query/merge budgets; keyboard/screen-reader/mobile/browser checks; honest support matrix","P2-009; P2-035; P2-044; P2-052; P2-064","UI; storage; test journeys; diagnostics","Supported tiers meet published budgets; critical lifecycle keyboard journey works; known gaps documented","L","V10; V13; V18"
"P2-068","W14","P1","Planned","All REL findings; Entire team; Company","Real-team usefulness pilot","One feature/two changes/walkthrough/handoff/release-incident exercise; paired tasks; total team + PM effort; corrections/failures retained","Baseline collection starts early; final depends on completed mode","pilot protocol; metric report","Real participant evidence separated from role simulation; savings do not come from omitted checks or extra PM burden","M","V17"
"P2-069","W14","P2","Planned","Product differentiation; Company","Comparable workflow benchmark","Same non-sensitive scenario and outcomes; licensed tool access when available; official docs separate from hands-on observations","P2-032; P2-043; P2-047; P2-068; competitor access if hands-on","benchmark report; positioning","Publish observed advantages/disadvantages; no claim of unavailable competitor feature or universal superiority","M","V17; V18"
