ID,Priority,Evidence basis,Finding,Affected roles,Evidence,Improvement,Acceptance criterion,Artifact
REL-001,P0,Defect: confirmed live and diagnostic,Sharing and encrypted recovery reject valid authored walkthrough history,All roles,JSON property order changes during normalization; repeated import rejects identical snapshots,Compare structured values independent of property order; normalize linked snapshots consistently; keep history validation,Repeated authored save/unlock/share/merge cycles pass; changed identities/evidence still reject,recovery-validation-failure.png; sharing-validation-failure.png; repro/regression-result.json
REL-002,P1,Defect: confirmed live and source,Change review omits pending rule proposals,Product; BA; QA manager,Pending walkthrough rule proposal existed while Change review said no proposals,Unified decision queue or explicit narrow screen labels and complete counters,"Rule, handbook, and task proposals appear with consistent counts",change-review-empty.png
REL-003,P1,Defect: confirmed live and source,Overview says caught up while five actions need review,Delivery lead; Product; QA manager,Overview review queue zero; Delivery review needs review five,Shared attention model including action staleness and relevant decision/evidence gaps,Overview and detailed review queues agree on the same scope,overview-misses-stale-work.png; live-role-observations.json
REL-004,P1,Design gap: observed; workload impact needs pilot,Too much manual structuring and duplicate maintenance,Product; BA; Development,"Documents, approved rules, handbook text and tasks need separate review/upkeep",Guided intake; bulk review; linked derived guidance; typed external issue links,No repeated entry of the same fact across related records; measure total team effort,TEAM_REVIEW.md
REL-005,P1,Design gap: observed and documented,Shared-file freshness and expected returns are manually coordinated,Product; Operations; all readers,Single master owner; replacing round makes older returns incompatible; no expected-return manifest,Master revision label; expected returns; changed-since-last-file view; safe review before new round,Reader can identify their baseline/master; PM can account for old returns before replacement,TEAM_REVIEW.md
REL-006,P1,Known portable-mode boundary,Names and approvals are not authenticated; recipients get the full file,Company; Product; Operations; Support,Person selection is a perspective filter; passphrase holders can read complete context,Clear portable-mode labeling now; authenticated access and revocation only in future shared mode,No claim of authenticated sign-off in file mode; shared-mode policy tested if introduced,TEAM_REVIEW.md
REL-007,P1,Observed limitation,Natural synonym question misses relevant agreed context,Support; new teammates; BA,Reset a handoff returned no match; sharing returned relevant rules,Vocabulary aliases and retrieval evaluation; reviewed semantic retrieval when justified,Representative questions retrieve correct scope or correctly stay unknown,synonym-question-miss.png
REL-008,P1,Design gap: source-confirmed,No typed requirement-to-test/code/build/deployment evidence model,QA; Development; Operations,Task and verification records are manual; supplied artifact URLs are not independent proof,Typed story/test/run/PR/build/release links; provenance-aware result ingestion,Current results trace to actual runs and applicability without duplicating work status,TEAM_REVIEW.md
REL-009,P1,Design gap: source-confirmed,"Impact only follows recorded direct rule scope, not indirect dependencies",QA; Development; BA; Support,Exact actor/condition/outcome/applicability comparison; no dependency graph or semantic equivalence,Reviewed dependency links; link derived handbook guidance; explain false-positive and unrecorded-impact limits,Changed dependencies flag relevant downstream records; unchanged meaning can be reviewed explicitly,TEAM_REVIEW.md
REL-010,P2,Observed limitation,BA role missing and named views show whole-role work,BA; individual contributors,BA mapped to Product and saw the Product lead-owned task,Configurable roles; My work owner filter distinct from team perspective,BA role can be represented; named view clearly distinguishes own versus team work,live-role-observations.json
REL-011,P2,Observed limitation,Generic task templates and all five roles preselected,QA; Development; Product,QA template needed concrete cases; initial work planner selected all five roles,Select relevant teams explicitly; specific reviewed suggestions; reusable task/test templates,No unnecessary tasks; concrete conditions and exception cases survive review,TEAM_REVIEW.md
REL-012,P2,Design gap: observed and source-confirmed,Release/environment scope remains free text,QA; Support; Operations,Current query can show agreed future and current rules; qualifiers are displayed but not machine-selected,Structured release/environment and customer-scope filters; distinguish proposed/agreed/released,Question scoped to a release cannot silently use a future or different environment agreement,TEAM_REVIEW.md
REL-013,P2,Known limits; scale impact not measured,Long-running source and full-parent histories consume portable file capacity,Operations; Product; Company,10 merge archives and 10-million-character bundle; no original binary embedding; OCR/audio absent,Capacity indicators; retention/archive workflow; document fidelity improvements driven by pilot material,Large representative projects stay usable; archive/migration/recovery preserve references,TEAM_REVIEW.md
REL-014,P1,External validation outstanding,Live AI setup and quality remain unproven,All roles; Company,No provider configured; explanation was disabled; mocked/runtime validation does not prove real inference,Deploy protected gateway and evaluate actual representative extraction/answer outputs,No qualifier loss or baseline confusion; unsupported claims stay unknown; latency/cost measured,TEAM_REVIEW.md
REL-015,P2,Observed automation friction; accessibility impact unverified,Several form labels are awkward to target exactly,All users; QA automation,Exact-label targeting failed for selects and populated textareas; name selectors worked,Review explicit label associations and stable control names; keyboard/screen-reader audit,Controls have stable useful accessible names; actual keyboard/screen-reader checks pass,TEAM_REVIEW.md
